,ds,trend,season_yearly
0,1900-01-01,,
1,1900-02-01,,
2,1900-03-01,,
3,1900-04-01,,
4,1900-05-01,,
5,1900-06-01,,
6,1900-07-01,,
7,1900-08-01,,
8,1900-09-01,,
9,1900-10-01,,
10,1900-11-01,,
11,1900-12-01,,
12,1901-01-01,18.595813751220703,-6.812411308288574
13,1901-02-01,18.594512939453125,-5.296523094177246
14,1901-03-01,18.593339920043945,-2.391073703765869
15,1901-04-01,18.592041015625,0.7031086087226868
16,1901-05-01,18.590784072875977,3.35258150100708
17,1901-06-01,18.5894832611084,4.722902297973633
18,1901-07-01,18.588226318359375,5.222051620483398
19,1901-08-01,18.58692741394043,4.957002639770508
20,1901-09-01,18.585628509521484,3.287710666656494
21,1901-10-01,18.584369659423828,0.6816863417625427
22,1901-11-01,18.583070755004883,-2.6919503211975098
23,1901-12-01,18.58181381225586,-5.8570685386657715
24,1902-01-01,18.580514907836914,-6.803196907043457
25,1902-02-01,18.579214096069336,-5.328790664672852
26,1902-03-01,18.578041076660156,-2.4075264930725098
27,1902-04-01,18.57674217224121,0.66806960105896
28,1902-05-01,18.575485229492188,3.3461480140686035
29,1902-06-01,18.57418441772461,4.705297946929932
30,1902-07-01,18.572927474975586,5.231658458709717
31,1902-08-01,18.57162857055664,4.952247619628906
32,1902-09-01,18.570327758789062,3.3184897899627686
33,1902-10-01,18.569072723388672,0.6937792301177979
34,1902-11-01,18.567771911621094,-2.6501288414001465
35,1902-12-01,18.56651496887207,-5.85009765625
36,1903-01-01,18.565216064453125,-6.793829917907715
37,1903-02-01,18.563915252685547,-5.360947132110596
38,1903-03-01,18.562742233276367,-2.424041509628296
39,1903-04-01,18.561443328857422,0.6330338716506958
40,1903-05-01,18.5601863861084,3.3395841121673584
41,1903-06-01,18.55888557434082,4.68765115737915
42,1903-07-01,18.557628631591797,5.2411980628967285
43,1903-08-01,18.55632972717285,4.947404861450195
44,1903-09-01,18.555030822753906,3.3492026329040527
45,1903-10-01,18.55377197265625,0.7058458924293518
46,1903-11-01,18.552473068237305,-2.6083202362060547
47,1903-12-01,18.55121612548828,-5.842933177947998
48,1904-01-01,18.549917221069336,-6.784316062927246
49,1904-02-01,18.548616409301758,-5.3929853439331055
50,1904-03-01,18.547401428222656,-2.3746767044067383
51,1904-04-01,18.54610252380371,0.7381433248519897
52,1904-05-01,18.544845581054688,3.358891725540161
53,1904-06-01,18.54354476928711,4.740457057952881
54,1904-07-01,18.542287826538086,5.2123823165893555
55,1904-08-01,18.54098892211914,4.961660385131836
56,1904-09-01,18.539688110351562,3.2568728923797607
57,1904-10-01,18.538433074951172,0.6695592403411865
58,1904-11-01,18.537132263183594,-2.733774185180664
59,1904-12-01,18.53587532043457,-5.863853454589844
60,1905-01-01,18.534576416015625,-6.812411308288574
61,1905-02-01,18.533275604248047,-5.296523094177246
62,1905-03-01,18.532102584838867,-2.391073703765869
63,1905-04-01,18.530803680419922,0.7031086087226868
64,1905-05-01,18.5295467376709,3.35258150100708
65,1905-06-01,18.52824592590332,4.722902297973633
66,1905-07-01,18.526988983154297,5.222051620483398
67,1905-08-01,18.52569007873535,4.957002639770508
68,1905-09-01,18.524391174316406,3.287710666656494
69,1905-10-01,18.52313232421875,0.6816863417625427
70,1905-11-01,18.521833419799805,-2.6919503211975098
71,1905-12-01,18.52057647705078,-5.8570685386657715
72,1906-01-01,18.519277572631836,-6.803196907043457
73,1906-02-01,18.517976760864258,-5.328790664672852
74,1906-03-01,18.516803741455078,-2.4075264930725098
75,1906-04-01,18.515504837036133,0.66806960105896
76,1906-05-01,18.51424789428711,3.3461480140686035
77,1906-06-01,18.51294708251953,4.705297946929932
78,1906-07-01,18.511690139770508,5.231658458709717
79,1906-08-01,18.510391235351562,4.952247619628906
80,1906-09-01,18.509090423583984,3.3184897899627686
81,1906-10-01,18.507835388183594,0.6937792301177979
82,1906-11-01,18.506534576416016,-2.6501288414001465
83,1906-12-01,18.505277633666992,-5.85009765625
84,1907-01-01,18.503978729248047,-6.793829917907715
85,1907-02-01,18.50267791748047,-5.360947132110596
86,1907-03-01,18.50150489807129,-2.424041509628296
87,1907-04-01,18.500205993652344,0.6330338716506958
88,1907-05-01,18.49894905090332,3.3395841121673584
89,1907-06-01,18.497648239135742,4.68765115737915
90,1907-07-01,18.49639129638672,5.2411980628967285
91,1907-08-01,18.495092391967773,4.947404861450195
92,1907-09-01,18.493793487548828,3.3492026329040527
93,1907-10-01,18.492534637451172,0.7058458924293518
94,1907-11-01,18.491235733032227,-2.6083202362060547
95,1907-12-01,18.489978790283203,-5.842933177947998
96,1908-01-01,18.488679885864258,-6.784316062927246
97,1908-02-01,18.487380981445312,-5.3929853439331055
98,1908-03-01,18.486164093017578,-2.3746767044067383
99,1908-04-01,18.484865188598633,0.7381433248519897
100,1908-05-01,18.48360824584961,3.358891725540161
101,1908-06-01,18.48230743408203,4.740457057952881
102,1908-07-01,18.481050491333008,5.2123823165893555
103,1908-08-01,18.479751586914062,4.961660385131836
104,1908-09-01,18.478452682495117,3.2568728923797607
105,1908-10-01,18.47719383239746,0.6695592403411865
106,1908-11-01,18.475894927978516,-2.733774185180664
107,1908-12-01,18.474637985229492,-5.863853454589844
108,1909-01-01,18.473339080810547,-6.812411308288574
109,1909-02-01,18.47203826904297,-5.296523094177246
110,1909-03-01,18.47086524963379,-2.391073703765869
111,1909-04-01,18.469566345214844,0.7031086087226868
112,1909-05-01,18.46925926208496,3.35258150100708
113,1909-06-01,18.47083854675293,4.722902297973633
114,1909-07-01,18.472368240356445,5.222051620483398
115,1909-08-01,18.47394561767578,4.957002639770508
116,1909-09-01,18.475526809692383,3.287710666656494
117,1909-10-01,18.477054595947266,0.6816863417625427
118,1909-11-01,18.478633880615234,-2.6919503211975098
119,1909-12-01,18.48016357421875,-5.8570685386657715
120,1910-01-01,18.48174285888672,-6.803196907043457
121,1910-02-01,18.483322143554688,-5.328790664672852
122,1910-03-01,18.48474884033203,-2.4075264930725098
123,1910-04-01,18.486328125,0.66806960105896
124,1910-05-01,18.487855911254883,3.3461480140686035
125,1910-06-01,18.48943519592285,4.705297946929932
126,1910-07-01,18.490964889526367,5.231658458709717
127,1910-08-01,18.492544174194336,4.952247619628906
128,1910-09-01,18.494123458862305,3.3184897899627686
129,1910-10-01,18.495651245117188,0.6937792301177979
130,1910-11-01,18.497230529785156,-2.6501288414001465
131,1910-12-01,18.498760223388672,-5.85009765625
132,1911-01-01,18.50033950805664,-6.793829917907715
133,1911-02-01,18.50191879272461,-5.360947132110596
134,1911-03-01,18.503345489501953,-2.424041509628296
135,1911-04-01,18.504924774169922,0.6330338716506958
136,1911-05-01,18.506452560424805,3.3395841121673584
137,1911-06-01,18.508031845092773,4.68765115737915
138,1911-07-01,18.50956153869629,5.2411980628967285
139,1911-08-01,18.511140823364258,4.947404861450195
140,1911-09-01,18.512720108032227,3.3492026329040527
141,1911-10-01,18.51424789428711,0.7058458924293518
142,1911-11-01,18.515827178955078,-2.6083202362060547
143,1911-12-01,18.517356872558594,-5.842933177947998
144,1912-01-01,18.518936157226562,-6.784316062927246
145,1912-02-01,18.52051544189453,-5.3929853439331055
146,1912-03-01,18.52199363708496,-2.3746767044067383
147,1912-04-01,18.523571014404297,0.7381433248519897
148,1912-05-01,18.525100708007812,3.358891725540161
149,1912-06-01,18.52667999267578,4.740457057952881
150,1912-07-01,18.528209686279297,5.2123823165893555
151,1912-08-01,18.529788970947266,4.961660385131836
152,1912-09-01,18.531368255615234,3.2568728923797607
153,1912-10-01,18.532896041870117,0.6695592403411865
154,1912-11-01,18.53447723388672,-2.733774185180664
155,1912-12-01,18.5360050201416,-5.863853454589844
156,1913-01-01,18.537582397460938,-6.812411308288574
157,1913-02-01,18.53916358947754,-5.296523094177246
158,1913-03-01,18.540590286254883,-2.391073703765869
159,1913-04-01,18.54216957092285,0.7031086087226868
160,1913-05-01,18.543697357177734,3.35258150100708
161,1913-06-01,18.545276641845703,4.722902297973633
162,1913-07-01,18.54680633544922,5.222051620483398
163,1913-08-01,18.548385620117188,4.957002639770508
164,1913-09-01,18.549964904785156,3.287710666656494
165,1913-10-01,18.55149269104004,0.6816863417625427
166,1913-11-01,18.55307388305664,-2.6919503211975098
167,1913-12-01,18.554601669311523,-5.8570685386657715
168,1914-01-01,18.556180953979492,-6.803196907043457
169,1914-02-01,18.55776023864746,-5.328790664672852
170,1914-03-01,18.559186935424805,-2.4075264930725098
171,1914-04-01,18.560766220092773,0.66806960105896
172,1914-05-01,18.562294006347656,3.3461480140686035
173,1914-06-01,18.563873291015625,4.705297946929932
174,1914-07-01,18.56540298461914,5.231658458709717
175,1914-08-01,18.56698226928711,4.952247619628906
176,1914-09-01,18.568561553955078,3.3184897899627686
177,1914-10-01,18.570091247558594,0.6937792301177979
178,1914-11-01,18.571670532226562,-2.6501288414001465
179,1914-12-01,18.573198318481445,-5.85009765625
180,1915-01-01,18.574777603149414,-6.793829917907715
181,1915-02-01,18.576356887817383,-5.360947132110596
182,1915-03-01,18.577783584594727,-2.424041509628296
183,1915-04-01,18.579362869262695,0.6330338716506958
184,1915-05-01,18.58089256286621,3.3395841121673584
185,1915-06-01,18.582469940185547,4.68765115737915
186,1915-07-01,18.583999633789062,5.2411980628967285
187,1915-08-01,18.58557891845703,4.947404861450195
188,1915-09-01,18.587158203125,3.3492026329040527
189,1915-10-01,18.588687896728516,0.7058458924293518
190,1915-11-01,18.590267181396484,-2.6083202362060547
191,1915-12-01,18.591794967651367,-5.842933177947998
192,1916-01-01,18.593374252319336,-6.784316062927246
193,1916-02-01,18.594953536987305,-5.3929853439331055
194,1916-03-01,18.596431732177734,-2.3746767044067383
195,1916-04-01,18.598011016845703,0.7381433248519897
196,1916-05-01,18.599538803100586,3.358891725540161
197,1916-06-01,18.601118087768555,4.740457057952881
198,1916-07-01,18.60264778137207,5.2123823165893555
199,1916-08-01,18.60422706604004,4.961660385131836
200,1916-09-01,18.605806350708008,3.2568728923797607
201,1916-10-01,18.60733413696289,0.6695592403411865
202,1916-11-01,18.608915328979492,-2.733774185180664
203,1916-12-01,18.610443115234375,-5.863853454589844
204,1917-01-01,18.612022399902344,-6.812411308288574
205,1917-02-01,18.613601684570312,-5.296523094177246
206,1917-03-01,18.615028381347656,-2.391073703765869
207,1917-04-01,18.616607666015625,0.7031086087226868
208,1917-05-01,18.61813735961914,3.35258150100708
209,1917-06-01,18.61971664428711,4.722902297973633
210,1917-07-01,18.621244430541992,5.222051620483398
211,1917-08-01,18.62282371520996,4.957002639770508
212,1917-09-01,18.62440299987793,3.287710666656494
213,1917-10-01,18.625930786132812,0.6816863417625427
214,1917-11-01,18.627511978149414,-2.6919503211975098
215,1917-12-01,18.629039764404297,-5.8570685386657715
216,1918-01-01,18.630619049072266,-6.803196907043457
217,1918-02-01,18.632198333740234,-5.328790664672852
218,1918-03-01,18.633625030517578,-2.4075264930725098
219,1918-04-01,18.635204315185547,0.66806960105896
220,1918-05-01,18.636734008789062,3.3461480140686035
221,1918-06-01,18.63831329345703,4.705297946929932
222,1918-07-01,18.639841079711914,5.231658458709717
223,1918-08-01,18.641420364379883,4.952247619628906
224,1918-09-01,18.642932891845703,3.3184897899627686
225,1918-10-01,18.644372940063477,0.6937792301177979
226,1918-11-01,18.645862579345703,-2.6501288414001465
227,1918-12-01,18.64730453491211,-5.85009765625
228,1919-01-01,18.648794174194336,-6.793829917907715
229,1919-02-01,18.650283813476562,-5.360947132110596
230,1919-03-01,18.651630401611328,-2.424041509628296
231,1919-04-01,18.653118133544922,0.6330338716506958
232,1919-05-01,18.654560089111328,3.3395841121673584
233,1919-06-01,18.656049728393555,4.68765115737915
234,1919-07-01,18.65749168395996,5.2411980628967285
235,1919-08-01,18.658981323242188,4.947404861450195
236,1919-09-01,18.66046905517578,3.3492026329040527
237,1919-10-01,18.661911010742188,0.7058458924293518
238,1919-11-01,18.663402557373047,-2.6083202362060547
239,1919-12-01,18.66484260559082,-5.842933177947998
240,1920-01-01,18.666332244873047,-6.784316062927246
241,1920-02-01,18.667821884155273,-5.3929853439331055
242,1920-03-01,18.66921615600586,-2.3746767044067383
243,1920-04-01,18.670705795288086,0.7381433248519897
244,1920-05-01,18.672147750854492,3.358891725540161
245,1920-06-01,18.673635482788086,4.740457057952881
246,1920-07-01,18.675077438354492,5.2123823165893555
247,1920-08-01,18.67656707763672,4.961660385131836
248,1920-09-01,18.678056716918945,3.2568728923797607
249,1920-10-01,18.67949867248535,0.6695592403411865
250,1920-11-01,18.680988311767578,-2.733774185180664
251,1920-12-01,18.682430267333984,-5.863853454589844
252,1921-01-01,18.68391990661621,-6.812411308288574
253,1921-02-01,18.685409545898438,-5.296523094177246
254,1921-03-01,18.68675422668457,-2.391073703765869
255,1921-04-01,18.688243865966797,0.7031086087226868
256,1921-05-01,18.689685821533203,3.35258150100708
257,1921-06-01,18.69117546081543,4.722902297973633
258,1921-07-01,18.692617416381836,5.222051620483398
259,1921-08-01,18.69410514831543,4.957002639770508
260,1921-09-01,18.695594787597656,3.287710666656494
261,1921-10-01,18.697036743164062,0.6816863417625427
262,1921-11-01,18.69852638244629,-2.6919503211975098
263,1921-12-01,18.699968338012695,-5.8570685386657715
264,1922-01-01,18.701457977294922,-6.803196907043457
265,1922-02-01,18.70294761657715,-5.328790664672852
266,1922-03-01,18.70429229736328,-2.4075264930725098
267,1922-04-01,18.705781936645508,0.66806960105896
268,1922-05-01,18.707223892211914,3.3461480140686035
269,1922-06-01,18.70871353149414,4.705297946929932
270,1922-07-01,18.710155487060547,5.231658458709717
271,1922-08-01,18.711645126342773,4.952247619628906
272,1922-09-01,18.713134765625,3.3184897899627686
273,1922-10-01,18.714574813842773,0.6937792301177979
274,1922-11-01,18.716064453125,-2.6501288414001465
275,1922-12-01,18.717506408691406,-5.85009765625
276,1923-01-01,18.718996047973633,-6.793829917907715
277,1923-02-01,18.72048568725586,-5.360947132110596
278,1923-03-01,18.721830368041992,-2.424041509628296
279,1923-04-01,18.72332000732422,0.6330338716506958
280,1923-05-01,18.724761962890625,3.3395841121673584
281,1923-06-01,18.72625160217285,4.68765115737915
282,1923-07-01,18.727693557739258,5.2411980628967285
283,1923-08-01,18.729183197021484,4.947404861450195
284,1923-09-01,18.73067283630371,3.3492026329040527
285,1923-10-01,18.732112884521484,0.7058458924293518
286,1923-11-01,18.733604431152344,-2.6083202362060547
287,1923-12-01,18.735044479370117,-5.842933177947998
288,1924-01-01,18.736534118652344,-6.784316062927246
289,1924-02-01,18.73802375793457,-5.3929853439331055
290,1924-03-01,18.739418029785156,-2.3746767044067383
291,1924-04-01,18.740907669067383,0.7381433248519897
292,1924-05-01,18.742347717285156,3.358891725540161
293,1924-06-01,18.743839263916016,4.740457057952881
294,1924-07-01,18.74527931213379,5.2123823165893555
295,1924-08-01,18.746768951416016,4.961660385131836
296,1924-09-01,18.748258590698242,3.2568728923797607
297,1924-10-01,18.74970054626465,0.6695592403411865
298,1924-11-01,18.751190185546875,-2.733774185180664
299,1924-12-01,18.75263214111328,-5.863853454589844
300,1925-01-01,18.754121780395508,-6.812411308288574
301,1925-02-01,18.755611419677734,-5.296523094177246
302,1925-03-01,18.756956100463867,-2.391073703765869
303,1925-04-01,18.758445739746094,0.7031086087226868
304,1925-05-01,18.7598876953125,3.35258150100708
305,1925-06-01,18.761377334594727,4.722902297973633
306,1925-07-01,18.7628173828125,5.222051620483398
307,1925-08-01,18.764307022094727,4.957002639770508
308,1925-09-01,18.765796661376953,3.287710666656494
309,1925-10-01,18.76723861694336,0.6816863417625427
310,1925-11-01,18.768728256225586,-2.6919503211975098
311,1925-12-01,18.770170211791992,-5.8570685386657715
312,1926-01-01,18.77165985107422,-6.803196907043457
313,1926-02-01,18.773149490356445,-5.328790664672852
314,1926-03-01,18.774494171142578,-2.4075264930725098
315,1926-04-01,18.775983810424805,0.66806960105896
316,1926-05-01,18.77742576599121,3.3461480140686035
317,1926-06-01,18.778915405273438,4.705297946929932
318,1926-07-01,18.780357360839844,5.231658458709717
319,1926-08-01,18.78184700012207,4.952247619628906
320,1926-09-01,18.783336639404297,3.3184897899627686
321,1926-10-01,18.78477668762207,0.6937792301177979
322,1926-11-01,18.786266326904297,-2.6501288414001465
323,1926-12-01,18.787708282470703,-5.85009765625
324,1927-01-01,18.78919792175293,-6.793829917907715
325,1927-02-01,18.790687561035156,-5.360947132110596
326,1927-03-01,18.79203224182129,-2.424041509628296
327,1927-04-01,18.793521881103516,0.6330338716506958
328,1927-05-01,18.794963836669922,3.3395841121673584
329,1927-06-01,18.79645347595215,4.68765115737915
330,1927-07-01,18.797895431518555,5.2411980628967285
331,1927-08-01,18.79938507080078,4.947404861450195
332,1927-09-01,18.800874710083008,3.3492026329040527
333,1927-10-01,18.80231475830078,0.7058458924293518
334,1927-11-01,18.80380630493164,-2.6083202362060547
335,1927-12-01,18.805133819580078,-5.842933177947998
336,1928-01-01,18.805877685546875,-6.784316062927246
337,1928-02-01,18.806621551513672,-5.3929853439331055
338,1928-03-01,18.80731773376465,-2.3746767044067383
339,1928-04-01,18.808061599731445,0.7381433248519897
340,1928-05-01,18.808780670166016,3.358891725540161
341,1928-06-01,18.809524536132812,4.740457057952881
342,1928-07-01,18.810245513916016,5.2123823165893555
343,1928-08-01,18.810989379882812,4.961660385131836
344,1928-09-01,18.81173324584961,3.2568728923797607
345,1928-10-01,18.812454223632812,0.6695592403411865
346,1928-11-01,18.81319808959961,-2.733774185180664
347,1928-12-01,18.81391716003418,-5.863853454589844
348,1929-01-01,18.814661026000977,-6.812411308288574
349,1929-02-01,18.815404891967773,-5.296523094177246
350,1929-03-01,18.816076278686523,-2.391073703765869
351,1929-04-01,18.816822052001953,0.7031086087226868
352,1929-05-01,18.817541122436523,3.35258150100708
353,1929-06-01,18.81828498840332,4.722902297973633
354,1929-07-01,18.81900405883789,5.222051620483398
355,1929-08-01,18.819747924804688,4.957002639770508
356,1929-09-01,18.820493698120117,3.287710666656494
357,1929-10-01,18.821212768554688,0.6816863417625427
358,1929-11-01,18.821956634521484,-2.6919503211975098
359,1929-12-01,18.822677612304688,-5.8570685386657715
360,1930-01-01,18.823421478271484,-6.803196907043457
361,1930-02-01,18.82416534423828,-5.328790664672852
362,1930-03-01,18.82483673095703,-2.4075264930725098
363,1930-04-01,18.825580596923828,0.66806960105896
364,1930-05-01,18.82630157470703,3.3461480140686035
365,1930-06-01,18.827045440673828,4.705297946929932
366,1930-07-01,18.8277645111084,5.231658458709717
367,1930-08-01,18.828508377075195,4.952247619628906
368,1930-09-01,18.829252243041992,3.3184897899627686
369,1930-10-01,18.829971313476562,0.6937792301177979
370,1930-11-01,18.830717086791992,-2.6501288414001465
371,1930-12-01,18.831436157226562,-5.85009765625
372,1931-01-01,18.83218002319336,-6.793829917907715
373,1931-02-01,18.832923889160156,-5.360947132110596
374,1931-03-01,18.833595275878906,-2.424041509628296
375,1931-04-01,18.834341049194336,0.6330338716506958
376,1931-05-01,18.835060119628906,3.3395841121673584
377,1931-06-01,18.835803985595703,4.68765115737915
378,1931-07-01,18.836524963378906,5.2411980628967285
379,1931-08-01,18.837268829345703,4.947404861450195
380,1931-09-01,18.8380126953125,3.3492026329040527
381,1931-10-01,18.83873176574707,0.7058458924293518
382,1931-11-01,18.839475631713867,-2.6083202362060547
383,1931-12-01,18.84019660949707,-5.842933177947998
384,1932-01-01,18.840940475463867,-6.784316062927246
385,1932-02-01,18.841684341430664,-5.3929853439331055
386,1932-03-01,18.84238052368164,-2.3746767044067383
387,1932-04-01,18.843124389648438,0.7381433248519897
388,1932-05-01,18.843843460083008,3.358891725540161
389,1932-06-01,18.844587326049805,4.740457057952881
390,1932-07-01,18.845308303833008,5.2123823165893555
391,1932-08-01,18.846050262451172,4.961660385131836
392,1932-09-01,18.8467960357666,3.2568728923797607
393,1932-10-01,18.847515106201172,0.6695592403411865
394,1932-11-01,18.84825897216797,-2.733774185180664
395,1932-12-01,18.848979949951172,-5.863853454589844
396,1933-01-01,18.84972381591797,-6.812411308288574
397,1933-02-01,18.850467681884766,-5.296523094177246
398,1933-03-01,18.851139068603516,-2.391073703765869
399,1933-04-01,18.851882934570312,0.7031086087226868
400,1933-05-01,18.852603912353516,3.35258150100708
401,1933-06-01,18.853347778320312,4.722902297973633
402,1933-07-01,18.854066848754883,5.222051620483398
403,1933-08-01,18.85481071472168,4.957002639770508
404,1933-09-01,18.85555648803711,3.287710666656494
405,1933-10-01,18.85627555847168,0.6816863417625427
406,1933-11-01,18.857019424438477,-2.6919503211975098
407,1933-12-01,18.857738494873047,-5.8570685386657715
408,1934-01-01,18.858482360839844,-6.803196907043457
409,1934-02-01,18.859228134155273,-5.328790664672852
410,1934-03-01,18.859899520874023,-2.4075264930725098
411,1934-04-01,18.86064338684082,0.66806960105896
412,1934-05-01,18.86136245727539,3.3461480140686035
413,1934-06-01,18.862106323242188,4.705297946929932
414,1934-07-01,18.86282730102539,5.231658458709717
415,1934-08-01,18.863571166992188,4.952247619628906
416,1934-09-01,18.864315032958984,3.3184897899627686
417,1934-10-01,18.865036010742188,0.6937792301177979
418,1934-11-01,18.865779876708984,-2.6501288414001465
419,1934-12-01,18.866498947143555,-5.85009765625
420,1935-01-01,18.86724281311035,-6.793829917907715
421,1935-02-01,18.86798667907715,-5.360947132110596
422,1935-03-01,18.8686580657959,-2.424041509628296
423,1935-04-01,18.869403839111328,0.6330338716506958
424,1935-05-01,18.8701229095459,3.3395841121673584
425,1935-06-01,18.870866775512695,4.68765115737915
426,1935-07-01,18.871585845947266,5.2411980628967285
427,1935-08-01,18.872329711914062,4.947404861450195
428,1935-09-01,18.873075485229492,3.3492026329040527
429,1935-10-01,18.873794555664062,0.7058458924293518
430,1935-11-01,18.87453842163086,-2.6083202362060547
431,1935-12-01,18.875259399414062,-5.842933177947998
432,1936-01-01,18.87600326538086,-6.784316062927246
433,1936-02-01,18.876747131347656,-5.3929853439331055
434,1936-03-01,18.87744140625,-2.3746767044067383
435,1936-04-01,18.878185272216797,0.7381433248519897
436,1936-05-01,18.87890625,3.358891725540161
437,1936-06-01,18.879650115966797,4.740457057952881
438,1936-07-01,18.880369186401367,5.2123823165893555
439,1936-08-01,18.881114959716797,4.961660385131836
440,1936-09-01,18.881858825683594,3.2568728923797607
441,1936-10-01,18.882577896118164,0.6695592403411865
442,1936-11-01,18.88332176208496,-2.733774185180664
443,1936-12-01,18.88404083251953,-5.863853454589844
444,1937-01-01,18.884784698486328,-6.812411308288574
445,1937-02-01,18.885530471801758,-5.296523094177246
446,1937-03-01,18.886201858520508,-2.391073703765869
447,1937-04-01,18.887069702148438,0.7031086087226868
448,1937-05-01,18.888010025024414,3.35258150100708
449,1937-06-01,18.888980865478516,4.722902297973633
450,1937-07-01,18.889923095703125,5.222051620483398
451,1937-08-01,18.890893936157227,4.957002639770508
452,1937-09-01,18.89186668395996,3.287710666656494
453,1937-10-01,18.892807006835938,0.6816863417625427
454,1937-11-01,18.89377784729004,-2.6919503211975098
455,1937-12-01,18.894718170166016,-5.8570685386657715
456,1938-01-01,18.895689010620117,-6.803196907043457
457,1938-02-01,18.89666175842285,-5.328790664672852
458,1938-03-01,18.897539138793945,-2.4075264930725098
459,1938-04-01,18.898509979248047,0.66806960105896
460,1938-05-01,18.899452209472656,3.3461480140686035
461,1938-06-01,18.900423049926758,4.705297946929932
462,1938-07-01,18.901363372802734,5.231658458709717
463,1938-08-01,18.902334213256836,4.952247619628906
464,1938-09-01,18.90330696105957,3.3184897899627686
465,1938-10-01,18.904247283935547,0.6937792301177979
466,1938-11-01,18.90521812438965,-2.6501288414001465
467,1938-12-01,18.906158447265625,-5.85009765625
468,1939-01-01,18.90713119506836,-6.793829917907715
469,1939-02-01,18.90810203552246,-5.360947132110596
470,1939-03-01,18.908979415893555,-2.424041509628296
471,1939-04-01,18.90995216369629,0.6330338716506958
472,1939-05-01,18.910892486572266,3.3395841121673584
473,1939-06-01,18.911863327026367,4.68765115737915
474,1939-07-01,18.912803649902344,5.2411980628967285
475,1939-08-01,18.913774490356445,4.947404861450195
476,1939-09-01,18.91474723815918,3.3492026329040527
477,1939-10-01,18.915687561035156,0.7058458924293518
478,1939-11-01,18.91666030883789,-2.6083202362060547
479,1939-12-01,18.917598724365234,-5.842933177947998
480,1940-01-01,18.91857147216797,-6.784316062927246
481,1940-02-01,18.91954231262207,-5.3929853439331055
482,1940-03-01,18.920452117919922,-2.3746767044067383
483,1940-04-01,18.921422958374023,0.7381433248519897
484,1940-05-01,18.92236328125,3.358891725540161
485,1940-06-01,18.923336029052734,4.740457057952881
486,1940-07-01,18.924274444580078,5.2123823165893555
487,1940-08-01,18.925247192382812,4.961660385131836
488,1940-09-01,18.926218032836914,3.2568728923797607
489,1940-10-01,18.92715835571289,0.6695592403411865
490,1940-11-01,18.928131103515625,-2.733774185180664
491,1940-12-01,18.9290714263916,-5.863853454589844
492,1941-01-01,18.930042266845703,-6.812411308288574
493,1941-02-01,18.931015014648438,-5.296523094177246
494,1941-03-01,18.93189239501953,-2.391073703765869
495,1941-04-01,18.932863235473633,0.7031086087226868
496,1941-05-01,18.93380355834961,3.35258150100708
497,1941-06-01,18.934776306152344,4.722902297973633
498,1941-07-01,18.93571662902832,5.222051620483398
499,1941-08-01,18.936687469482422,4.957002639770508
500,1941-09-01,18.937660217285156,3.287710666656494
501,1941-10-01,18.9385986328125,0.6816863417625427
502,1941-11-01,18.939571380615234,-2.6919503211975098
503,1941-12-01,18.94051170349121,-5.8570685386657715
504,1942-01-01,18.941484451293945,-6.803196907043457
505,1942-02-01,18.942455291748047,-5.328790664672852
506,1942-03-01,18.94333267211914,-2.4075264930725098
507,1942-04-01,18.944303512573242,0.66806960105896
508,1942-05-01,18.94524574279785,3.3461480140686035
509,1942-06-01,18.946216583251953,4.705297946929932
510,1942-07-01,18.94715690612793,5.231658458709717
511,1942-08-01,18.94812774658203,4.952247619628906
512,1942-09-01,18.949100494384766,3.3184897899627686
513,1942-10-01,18.950040817260742,0.6937792301177979
514,1942-11-01,18.951011657714844,-2.6501288414001465
515,1942-12-01,18.95195198059082,-5.85009765625
516,1943-01-01,18.952924728393555,-6.793829917907715
517,1943-02-01,18.953895568847656,-5.360947132110596
518,1943-03-01,18.95477294921875,-2.424041509628296
519,1943-04-01,18.955745697021484,0.6330338716506958
520,1943-05-01,18.95668601989746,3.3395841121673584
521,1943-06-01,18.957656860351562,4.68765115737915
522,1943-07-01,18.95859718322754,5.2411980628967285
523,1943-08-01,18.95956802368164,4.947404861450195
524,1943-09-01,18.960540771484375,3.3492026329040527
525,1943-10-01,18.96148109436035,0.7058458924293518
526,1943-11-01,18.962451934814453,-2.6083202362060547
527,1943-12-01,18.96339225769043,-5.842933177947998
528,1944-01-01,18.964365005493164,-6.784316062927246
529,1944-02-01,18.965335845947266,-5.3929853439331055
530,1944-03-01,18.966245651245117,-2.3746767044067383
531,1944-04-01,18.96721649169922,0.7381433248519897
532,1944-05-01,18.968156814575195,3.358891725540161
533,1944-06-01,18.969127655029297,4.740457057952881
534,1944-07-01,18.970069885253906,5.2123823165893555
535,1944-08-01,18.971040725708008,4.961660385131836
536,1944-09-01,18.972013473510742,3.2568728923797607
537,1944-10-01,18.97295379638672,0.6695592403411865
538,1944-11-01,18.97392463684082,-2.733774185180664
539,1944-12-01,18.974864959716797,-5.863853454589844
540,1945-01-01,18.9758358001709,-6.812411308288574
541,1945-02-01,18.976808547973633,-5.296523094177246
542,1945-03-01,18.977685928344727,-2.391073703765869
543,1945-04-01,18.978656768798828,0.7031086087226868
544,1945-05-01,18.979597091674805,3.35258150100708
545,1945-06-01,18.98056983947754,4.722902297973633
546,1945-07-01,18.981510162353516,5.222051620483398
547,1945-08-01,18.982481002807617,4.957002639770508
548,1945-09-01,18.98345375061035,3.287710666656494
549,1945-10-01,18.984394073486328,0.6816863417625427
550,1945-11-01,18.98536491394043,-2.6919503211975098
551,1945-12-01,18.986305236816406,-5.8570685386657715
552,1946-01-01,18.98727798461914,-6.803196907043457
553,1946-02-01,18.988248825073242,-5.328790664672852
554,1946-03-01,18.989126205444336,-2.4075264930725098
555,1946-04-01,18.99009895324707,0.66806960105896
556,1946-05-01,18.991039276123047,3.3461480140686035
557,1946-06-01,18.99201011657715,4.705297946929932
558,1946-07-01,18.992950439453125,5.231658458709717
559,1946-08-01,18.992679595947266,4.952247619628906
560,1946-09-01,18.99233055114746,3.3184897899627686
561,1946-10-01,18.991992950439453,0.6937792301177979
562,1946-11-01,18.99164390563965,-2.6501288414001465
563,1946-12-01,18.99130630493164,-5.85009765625
564,1947-01-01,18.990957260131836,-6.793829917907715
565,1947-02-01,18.99060821533203,-5.360947132110596
566,1947-03-01,18.990291595458984,-2.424041509628296
567,1947-04-01,18.989944458007812,0.6330338716506958
568,1947-05-01,18.989606857299805,3.3395841121673584
569,1947-06-01,18.9892578125,4.68765115737915
570,1947-07-01,18.98891830444336,5.2411980628967285
571,1947-08-01,18.988571166992188,4.947404861450195
572,1947-09-01,18.988222122192383,3.3492026329040527
573,1947-10-01,18.987884521484375,0.7058458924293518
574,1947-11-01,18.98753547668457,-2.6083202362060547
575,1947-12-01,18.987197875976562,-5.842933177947998
576,1948-01-01,18.986848831176758,-6.784316062927246
577,1948-02-01,18.986499786376953,-5.3929853439331055
578,1948-03-01,18.986173629760742,-2.3746767044067383
579,1948-04-01,18.985824584960938,0.7381433248519897
580,1948-05-01,18.98548698425293,3.358891725540161
581,1948-06-01,18.985137939453125,4.740457057952881
582,1948-07-01,18.984798431396484,5.2123823165893555
583,1948-08-01,18.984451293945312,4.961660385131836
584,1948-09-01,18.984102249145508,3.2568728923797607
585,1948-10-01,18.9837646484375,0.6695592403411865
586,1948-11-01,18.983415603637695,-2.733774185180664
587,1948-12-01,18.983078002929688,-5.863853454589844
588,1949-01-01,18.982728958129883,-6.812411308288574
589,1949-02-01,18.982379913330078,-5.296523094177246
590,1949-03-01,18.98206329345703,-2.391073703765869
591,1949-04-01,18.98171615600586,0.7031086087226868
592,1949-05-01,18.98137855529785,3.35258150100708
593,1949-06-01,18.981029510498047,4.722902297973633
594,1949-07-01,18.98069190979004,5.222051620483398
595,1949-08-01,18.980342864990234,4.957002639770508
596,1949-09-01,18.97999382019043,3.287710666656494
597,1949-10-01,18.979656219482422,0.6816863417625427
598,1949-11-01,18.979307174682617,-2.6919503211975098
599,1949-12-01,18.97896957397461,-5.8570685386657715
600,1950-01-01,18.978620529174805,-6.803196907043457
601,1950-02-01,18.978271484375,-5.328790664672852
602,1950-03-01,18.977956771850586,-2.4075264930725098
603,1950-04-01,18.97760772705078,0.66806960105896
604,1950-05-01,18.97726821899414,3.3461480140686035
605,1950-06-01,18.97692108154297,4.705297946929932
606,1950-07-01,18.976581573486328,5.231658458709717
607,1950-08-01,18.976234436035156,4.952247619628906
608,1950-09-01,18.97588539123535,3.3184897899627686
609,1950-10-01,18.975547790527344,0.6937792301177979
610,1950-11-01,18.97519874572754,-2.6501288414001465
611,1950-12-01,18.97486114501953,-5.85009765625
612,1951-01-01,18.974512100219727,-6.793829917907715
613,1951-02-01,18.974163055419922,-5.360947132110596
614,1951-03-01,18.973846435546875,-2.424041509628296
615,1951-04-01,18.973499298095703,0.6330338716506958
616,1951-05-01,18.973161697387695,3.3395841121673584
617,1951-06-01,18.97281265258789,4.68765115737915
618,1951-07-01,18.97247314453125,5.2411980628967285
619,1951-08-01,18.972126007080078,4.947404861450195
620,1951-09-01,18.971776962280273,3.3492026329040527
621,1951-10-01,18.971439361572266,0.7058458924293518
622,1951-11-01,18.971088409423828,-2.6083202362060547
623,1951-12-01,18.970752716064453,-5.842933177947998
624,1952-01-01,18.97040367126465,-6.784316062927246
625,1952-02-01,18.970054626464844,-5.3929853439331055
626,1952-03-01,18.969728469848633,-2.3746767044067383
627,1952-04-01,18.969379425048828,0.7381433248519897
628,1952-05-01,18.96904182434082,3.358891725540161
629,1952-06-01,18.968692779541016,4.740457057952881
630,1952-07-01,18.968353271484375,5.2123823165893555
631,1952-08-01,18.968006134033203,4.961660385131836
632,1952-09-01,18.9676570892334,3.2568728923797607
633,1952-10-01,18.96731948852539,0.6695592403411865
634,1952-11-01,18.966970443725586,-2.733774185180664
635,1952-12-01,18.966632843017578,-5.863853454589844
636,1953-01-01,18.966283798217773,-6.812411308288574
637,1953-02-01,18.96593475341797,-5.296523094177246
638,1953-03-01,18.965618133544922,-2.391073703765869
639,1953-04-01,18.96527099609375,0.7031086087226868
640,1953-05-01,18.964933395385742,3.35258150100708
641,1953-06-01,18.964584350585938,4.722902297973633
642,1953-07-01,18.96424674987793,5.222051620483398
643,1953-08-01,18.963897705078125,4.957002639770508
644,1953-09-01,18.96354866027832,3.287710666656494
645,1953-10-01,18.963211059570312,0.6816863417625427
646,1953-11-01,18.962862014770508,-2.6919503211975098
647,1953-12-01,18.9625244140625,-5.8570685386657715
648,1954-01-01,18.962175369262695,-6.803196907043457
649,1954-02-01,18.96182632446289,-5.328790664672852
650,1954-03-01,18.961511611938477,-2.4075264930725098
651,1954-04-01,18.961162567138672,0.66806960105896
652,1954-05-01,18.96082305908203,3.3461480140686035
653,1954-06-01,18.96047592163086,4.705297946929932
654,1954-07-01,18.96013641357422,5.231658458709717
655,1954-08-01,18.959789276123047,4.952247619628906
656,1954-09-01,18.959440231323242,3.3184897899627686
657,1954-10-01,18.959102630615234,0.6937792301177979
658,1954-11-01,18.95875358581543,-2.6501288414001465
659,1954-12-01,18.958415985107422,-5.85009765625
660,1955-01-01,18.958066940307617,-6.793829917907715
661,1955-02-01,18.957717895507812,-5.360947132110596
662,1955-03-01,18.957401275634766,-2.424041509628296
663,1955-04-01,18.957054138183594,0.6330338716506958
664,1955-05-01,18.956716537475586,3.3395841121673584
665,1955-06-01,18.95636749267578,4.68765115737915
666,1955-07-01,18.956029891967773,5.2411980628967285
667,1955-08-01,18.95568084716797,4.947404861450195
668,1955-09-01,18.955331802368164,3.3492026329040527
669,1955-10-01,18.954994201660156,0.7058458924293518
670,1955-11-01,18.9548397064209,-2.6083202362060547
671,1955-12-01,18.955013275146484,-5.842933177947998
672,1956-01-01,18.95519256591797,-6.784316062927246
673,1956-02-01,18.955371856689453,-5.3929853439331055
674,1956-03-01,18.955541610717773,-2.3746767044067383
675,1956-04-01,18.955720901489258,0.7381433248519897
676,1956-05-01,18.955894470214844,3.358891725540161
677,1956-06-01,18.956073760986328,4.740457057952881
678,1956-07-01,18.956249237060547,5.2123823165893555
679,1956-08-01,18.95642852783203,4.961660385131836
680,1956-09-01,18.956607818603516,3.2568728923797607
681,1956-10-01,18.9567813873291,0.6695592403411865
682,1956-11-01,18.956960678100586,-2.733774185180664
683,1956-12-01,18.957136154174805,-5.863853454589844
684,1957-01-01,18.95731544494629,-6.812411308288574
685,1957-02-01,18.957494735717773,-5.296523094177246
686,1957-03-01,18.957656860351562,-2.391073703765869
687,1957-04-01,18.957836151123047,0.7031086087226868
688,1957-05-01,18.958011627197266,3.35258150100708
689,1957-06-01,18.95819091796875,4.722902297973633
690,1957-07-01,18.958364486694336,5.222051620483398
691,1957-08-01,18.95854377746582,4.957002639770508
692,1957-09-01,18.958724975585938,3.287710666656494
693,1957-10-01,18.958898544311523,0.6816863417625427
694,1957-11-01,18.959077835083008,-2.6919503211975098
695,1957-12-01,18.959251403808594,-5.8570685386657715
696,1958-01-01,18.959430694580078,-6.803196907043457
697,1958-02-01,18.959611892700195,-5.328790664672852
698,1958-03-01,18.959774017333984,-2.4075264930725098
699,1958-04-01,18.95995330810547,0.66806960105896
700,1958-05-01,18.960126876831055,3.3461480140686035
701,1958-06-01,18.96030616760254,4.705297946929932
702,1958-07-01,18.960479736328125,5.231658458709717
703,1958-08-01,18.96065902709961,4.952247619628906
704,1958-09-01,18.960840225219727,3.3184897899627686
705,1958-10-01,18.961013793945312,0.6937792301177979
706,1958-11-01,18.961193084716797,-2.6501288414001465
707,1958-12-01,18.961368560791016,-5.85009765625
708,1959-01-01,18.9615478515625,-6.793829917907715
709,1959-02-01,18.961727142333984,-5.360947132110596
710,1959-03-01,18.961889266967773,-2.424041509628296
711,1959-04-01,18.96207046508789,0.6330338716506958
712,1959-05-01,18.962242126464844,3.3395841121673584
713,1959-06-01,18.96242332458496,4.68765115737915
714,1959-07-01,18.962596893310547,5.2411980628967285
715,1959-08-01,18.96277618408203,4.947404861450195
716,1959-09-01,18.96295738220215,3.3492026329040527
717,1959-10-01,18.963130950927734,0.7058458924293518
718,1959-11-01,18.96331024169922,-2.6083202362060547
719,1959-12-01,18.963483810424805,-5.842933177947998
720,1960-01-01,18.963665008544922,-6.784316062927246
721,1960-02-01,18.963844299316406,-5.3929853439331055
722,1960-03-01,18.964012145996094,-2.3746767044067383
723,1960-04-01,18.964191436767578,0.7381433248519897
724,1960-05-01,18.964365005493164,3.358891725540161
725,1960-06-01,18.96454620361328,4.740457057952881
726,1960-07-01,18.964719772338867,5.2123823165893555
727,1960-08-01,18.96489906311035,4.961660385131836
728,1960-09-01,18.965078353881836,3.2568728923797607
729,1960-10-01,18.965251922607422,0.6695592403411865
730,1960-11-01,18.965431213378906,-2.733774185180664
731,1960-12-01,18.965606689453125,-5.863853454589844
732,1961-01-01,18.96578598022461,-6.812411308288574
733,1961-02-01,18.965965270996094,-5.296523094177246
734,1961-03-01,18.966127395629883,-2.391073703765869
735,1961-04-01,18.96630859375,0.7031086087226868
736,1961-05-01,18.966480255126953,3.35258150100708
737,1961-06-01,18.96666145324707,4.722902297973633
738,1961-07-01,18.966835021972656,5.222051620483398
739,1961-08-01,18.96701431274414,4.957002639770508
740,1961-09-01,18.967195510864258,3.287710666656494
741,1961-10-01,18.967369079589844,0.6816863417625427
742,1961-11-01,18.967548370361328,-2.6919503211975098
743,1961-12-01,18.967721939086914,-5.8570685386657715
744,1962-01-01,18.96790313720703,-6.803196907043457
745,1962-02-01,18.968082427978516,-5.328790664672852
746,1962-03-01,18.968244552612305,-2.4075264930725098
747,1962-04-01,18.96842384338379,0.66806960105896
748,1962-05-01,18.968597412109375,3.3461480140686035
749,1962-06-01,18.96877670288086,4.705297946929932
750,1962-07-01,18.968952178955078,5.231658458709717
751,1962-08-01,18.969131469726562,4.952247619628906
752,1962-09-01,18.969310760498047,3.3184897899627686
753,1962-10-01,18.969486236572266,0.6937792301177979
754,1962-11-01,18.96966552734375,-2.6501288414001465
755,1962-12-01,18.969839096069336,-5.85009765625
756,1963-01-01,18.97001838684082,-6.793829917907715
757,1963-02-01,18.970197677612305,-5.360947132110596
758,1963-03-01,18.970359802246094,-2.424041509628296
759,1963-04-01,18.97054100036621,0.6330338716506958
760,1963-05-01,18.970714569091797,3.3395841121673584
761,1963-06-01,18.97089385986328,4.68765115737915
762,1963-07-01,18.9710693359375,5.2411980628967285
763,1963-08-01,18.971248626708984,4.947404861450195
764,1963-09-01,18.97142791748047,3.3492026329040527
765,1963-10-01,18.971601486206055,0.7058458924293518
766,1963-11-01,18.97178077697754,-2.6083202362060547
767,1963-12-01,18.971954345703125,-5.842933177947998
768,1964-01-01,18.97213363647461,-6.784316062927246
769,1964-02-01,18.972314834594727,-5.3929853439331055
770,1964-03-01,18.972482681274414,-2.3746767044067383
771,1964-04-01,18.9726619720459,0.7381433248519897
772,1964-05-01,18.972835540771484,3.358891725540161
773,1964-06-01,18.9730167388916,4.740457057952881
774,1964-07-01,18.973190307617188,5.2123823165893555
775,1964-08-01,18.973369598388672,4.961660385131836
776,1964-09-01,18.973548889160156,3.2568728923797607
777,1964-10-01,18.973724365234375,0.6695592403411865
778,1964-11-01,18.97390365600586,-2.733774185180664
779,1964-12-01,18.974077224731445,-5.863853454589844
780,1965-01-01,18.97425651550293,-6.812411308288574
781,1965-02-01,18.974435806274414,-5.296523094177246
782,1965-03-01,18.974212646484375,-2.391073703765869
783,1965-04-01,18.973865509033203,0.7031086087226868
784,1965-05-01,18.973529815673828,3.35258150100708
785,1965-06-01,18.973182678222656,4.722902297973633
786,1965-07-01,18.97284507751465,5.222051620483398
787,1965-08-01,18.972497940063477,4.957002639770508
788,1965-09-01,18.972150802612305,3.287710666656494
789,1965-10-01,18.971813201904297,0.6816863417625427
790,1965-11-01,18.971466064453125,-2.6919503211975098
791,1965-12-01,18.97113037109375,-5.8570685386657715
792,1966-01-01,18.970783233642578,-6.803196907043457
793,1966-02-01,18.970434188842773,-5.328790664672852
794,1966-03-01,18.970121383666992,-2.4075264930725098
795,1966-04-01,18.96977424621582,0.66806960105896
796,1966-05-01,18.969436645507812,3.3461480140686035
797,1966-06-01,18.96908950805664,4.705297946929932
798,1966-07-01,18.968753814697266,5.231658458709717
799,1966-08-01,18.968406677246094,4.952247619628906
800,1966-09-01,18.968059539794922,3.3184897899627686
801,1966-10-01,18.967721939086914,0.6937792301177979
802,1966-11-01,18.967374801635742,-2.6501288414001465
803,1966-12-01,18.967037200927734,-5.85009765625
804,1967-01-01,18.966690063476562,-6.793829917907715
805,1967-02-01,18.96634292602539,-5.360947132110596
806,1967-03-01,18.96603012084961,-2.424041509628296
807,1967-04-01,18.965681076049805,0.6330338716506958
808,1967-05-01,18.96534538269043,3.3395841121673584
809,1967-06-01,18.964998245239258,4.68765115737915
810,1967-07-01,18.96466064453125,5.2411980628967285
811,1967-08-01,18.964313507080078,4.947404861450195
812,1967-09-01,18.963966369628906,3.3492026329040527
813,1967-10-01,18.96363067626953,0.7058458924293518
814,1967-11-01,18.96328353881836,-2.6083202362060547
815,1967-12-01,18.96294593811035,-5.842933177947998
816,1968-01-01,18.96259880065918,-6.784316062927246
817,1968-02-01,18.962249755859375,-5.3929853439331055
818,1968-03-01,18.961925506591797,-2.3746767044067383
819,1968-04-01,18.961578369140625,0.7381433248519897
820,1968-05-01,18.96124267578125,3.358891725540161
821,1968-06-01,18.960895538330078,4.740457057952881
822,1968-07-01,18.96055793762207,5.2123823165893555
823,1968-08-01,18.9602108001709,4.961660385131836
824,1968-09-01,18.959861755371094,3.2568728923797607
825,1968-10-01,18.95952606201172,0.6695592403411865
826,1968-11-01,18.959178924560547,-2.733774185180664
827,1968-12-01,18.958843231201172,-5.863853454589844
828,1969-01-01,18.95849609375,-6.812411308288574
829,1969-02-01,18.958147048950195,-5.296523094177246
830,1969-03-01,18.957834243774414,-2.391073703765869
831,1969-04-01,18.95748519897461,0.7031086087226868
832,1969-05-01,18.957149505615234,3.35258150100708
833,1969-06-01,18.956802368164062,4.722902297973633
834,1969-07-01,18.956466674804688,5.222051620483398
835,1969-08-01,18.956117630004883,4.957002639770508
836,1969-09-01,18.95577049255371,3.287710666656494
837,1969-10-01,18.955434799194336,0.6816863417625427
838,1969-11-01,18.95508575439453,-2.6919503211975098
839,1969-12-01,18.954750061035156,-5.8570685386657715
840,1970-01-01,18.954402923583984,-6.803196907043457
841,1970-02-01,18.954055786132812,-5.328790664672852
842,1970-03-01,18.9537410736084,-2.4075264930725098
843,1970-04-01,18.953393936157227,0.66806960105896
844,1970-05-01,18.95305633544922,3.3461480140686035
845,1970-06-01,18.95271110534668,4.705297946929932
846,1970-07-01,18.952373504638672,5.231658458709717
847,1970-08-01,18.9520263671875,4.952247619628906
848,1970-09-01,18.951679229736328,3.3184897899627686
849,1970-10-01,18.95134162902832,0.6937792301177979
850,1970-11-01,18.95099449157715,-2.6501288414001465
851,1970-12-01,18.950658798217773,-5.85009765625
852,1971-01-01,18.95030975341797,-6.793829917907715
853,1971-02-01,18.949962615966797,-5.360947132110596
854,1971-03-01,18.949649810791016,-2.424041509628296
855,1971-04-01,18.949302673339844,0.6330338716506958
856,1971-05-01,18.94896697998047,3.3395841121673584
857,1971-06-01,18.948617935180664,4.68765115737915
858,1971-07-01,18.948280334472656,5.2411980628967285
859,1971-08-01,18.947933197021484,4.947404861450195
860,1971-09-01,18.947586059570312,3.3492026329040527
861,1971-10-01,18.947250366210938,0.7058458924293518
862,1971-11-01,18.946903228759766,-2.6083202362060547
863,1971-12-01,18.946565628051758,-5.842933177947998
864,1972-01-01,18.946218490600586,-6.784316062927246
865,1972-02-01,18.945871353149414,-5.3929853439331055
866,1972-03-01,18.945545196533203,-2.3746767044067383
867,1972-04-01,18.94519805908203,0.7381433248519897
868,1972-05-01,18.944862365722656,3.358891725540161
869,1972-06-01,18.944515228271484,4.740457057952881
870,1972-07-01,18.944177627563477,5.2123823165893555
871,1972-08-01,18.943830490112305,4.961660385131836
872,1972-09-01,18.943483352661133,3.2568728923797607
873,1972-10-01,18.943147659301758,0.6695592403411865
874,1972-11-01,18.942798614501953,-2.733774185180664
875,1972-12-01,18.942462921142578,-5.863853454589844
876,1973-01-01,18.942115783691406,-6.812411308288574
877,1973-02-01,18.941768646240234,-5.296523094177246
878,1973-03-01,18.94145393371582,-2.391073703765869
879,1973-04-01,18.94110679626465,0.7031086087226868
880,1973-05-01,18.94076919555664,3.35258150100708
881,1973-06-01,18.94042205810547,4.722902297973633
882,1973-07-01,18.940086364746094,5.222051620483398
883,1973-08-01,18.939739227294922,4.957002639770508
884,1973-09-01,18.939390182495117,3.287710666656494
885,1973-10-01,18.939054489135742,0.6816863417625427
886,1973-11-01,18.93870735168457,-2.6919503211975098
887,1973-12-01,18.938371658325195,-5.8570685386657715
888,1974-01-01,18.93802261352539,-6.803196907043457
889,1974-02-01,18.93767547607422,-5.328790664672852
890,1974-03-01,18.937362670898438,-2.4075264930725098
891,1974-04-01,18.937015533447266,0.66806960105896
892,1974-05-01,18.936677932739258,3.3461480140686035
893,1974-06-01,18.936649322509766,4.705297946929932
894,1974-07-01,18.938274383544922,5.231658458709717
895,1974-08-01,18.939952850341797,4.952247619628906
896,1974-09-01,18.941633224487305,3.3184897899627686
897,1974-10-01,18.94325828552246,0.6937792301177979
898,1974-11-01,18.944936752319336,-2.6501288414001465
899,1974-12-01,18.946561813354492,-5.85009765625
900,1975-01-01,18.948240280151367,-6.793829917907715
901,1975-02-01,18.949918746948242,-5.360947132110596
902,1975-03-01,18.951435089111328,-2.424041509628296
903,1975-04-01,18.953115463256836,0.6330338716506958
904,1975-05-01,18.95473861694336,3.3395841121673584
905,1975-06-01,18.956418991088867,4.68765115737915
906,1975-07-01,18.958044052124023,5.2411980628967285
907,1975-08-01,18.9597225189209,4.947404861450195
908,1975-09-01,18.961400985717773,3.3492026329040527
909,1975-10-01,18.96302604675293,0.7058458924293518
910,1975-11-01,18.964704513549805,-2.6083202362060547
911,1975-12-01,18.96632957458496,-5.842933177947998
912,1976-01-01,18.96800994873047,-6.784316062927246
913,1976-02-01,18.96968650817871,-5.3929853439331055
914,1976-03-01,18.97125816345215,-2.3746767044067383
915,1976-04-01,18.972936630249023,0.7381433248519897
916,1976-05-01,18.97456169128418,3.358891725540161
917,1976-06-01,18.976242065429688,4.740457057952881
918,1976-07-01,18.97786521911621,5.2123823165893555
919,1976-08-01,18.97954559326172,4.961660385131836
920,1976-09-01,18.981224060058594,3.2568728923797607
921,1976-10-01,18.98284912109375,0.6695592403411865
922,1976-11-01,18.984527587890625,-2.733774185180664
923,1976-12-01,18.98615264892578,-5.863853454589844
924,1977-01-01,18.987831115722656,-6.812411308288574
925,1977-02-01,18.98950958251953,-5.296523094177246
926,1977-03-01,18.99102783203125,-2.391073703765869
927,1977-04-01,18.992704391479492,0.7031086087226868
928,1977-05-01,18.99433135986328,3.35258150100708
929,1977-06-01,18.996009826660156,4.722902297973633
930,1977-07-01,18.997634887695312,5.222051620483398
931,1977-08-01,18.999313354492188,4.957002639770508
932,1977-09-01,19.000991821289062,3.287710666656494
933,1977-10-01,19.00261688232422,0.6816863417625427
934,1977-11-01,19.004295349121094,-2.6919503211975098
935,1977-12-01,19.00592041015625,-5.8570685386657715
936,1978-01-01,19.007598876953125,-6.803196907043457
937,1978-02-01,19.00927734375,-5.328790664672852
938,1978-03-01,19.01079559326172,-2.4075264930725098
939,1978-04-01,19.012474060058594,0.66806960105896
940,1978-05-01,19.01409912109375,3.3461480140686035
941,1978-06-01,19.015777587890625,4.705297946929932
942,1978-07-01,19.01740264892578,5.231658458709717
943,1978-08-01,19.019081115722656,4.952247619628906
944,1978-09-01,19.02075958251953,3.3184897899627686
945,1978-10-01,19.022384643554688,0.6937792301177979
946,1978-11-01,19.024063110351562,-2.6501288414001465
947,1978-12-01,19.02568817138672,-5.85009765625
948,1979-01-01,19.027366638183594,-6.793829917907715
949,1979-02-01,19.0290470123291,-5.360947132110596
950,1979-03-01,19.030563354492188,-2.424041509628296
951,1979-04-01,19.032241821289062,0.6330338716506958
952,1979-05-01,19.03386688232422,3.3395841121673584
953,1979-06-01,19.035545349121094,4.68765115737915
954,1979-07-01,19.03717041015625,5.2411980628967285
955,1979-08-01,19.038848876953125,4.947404861450195
956,1979-09-01,19.04052734375,3.3492026329040527
957,1979-10-01,19.042152404785156,0.7058458924293518
958,1979-11-01,19.04383087158203,-2.6083202362060547
959,1979-12-01,19.045455932617188,-5.842933177947998
960,1980-01-01,19.047134399414062,-6.784316062927246
961,1980-02-01,19.04881477355957,-5.3929853439331055
962,1980-03-01,19.050384521484375,-2.3746767044067383
963,1980-04-01,19.052064895629883,0.7381433248519897
964,1980-05-01,19.053688049316406,3.358891725540161
965,1980-06-01,19.055368423461914,4.740457057952881
966,1980-07-01,19.056991577148438,5.2123823165893555
967,1980-08-01,19.058671951293945,4.961660385131836
968,1980-09-01,19.06035041809082,3.2568728923797607
969,1980-10-01,19.061975479125977,0.6695592403411865
970,1980-11-01,19.06365394592285,-2.733774185180664
971,1980-12-01,19.065279006958008,-5.863853454589844
972,1981-01-01,19.066957473754883,-6.812411308288574
973,1981-02-01,19.06863784790039,-5.296523094177246
974,1981-03-01,19.070152282714844,-2.391073703765869
975,1981-04-01,19.07183265686035,0.7031086087226868
976,1981-05-01,19.073455810546875,3.35258150100708
977,1981-06-01,19.075136184692383,4.722902297973633
978,1981-07-01,19.076759338378906,5.222051620483398
979,1981-08-01,19.078439712524414,4.957002639770508
980,1981-09-01,19.08011817932129,3.287710666656494
981,1981-10-01,19.081743240356445,0.6816863417625427
982,1981-11-01,19.083423614501953,-2.6919503211975098
983,1981-12-01,19.08504867553711,-5.8570685386657715
984,1982-01-01,19.086727142333984,-6.803196907043457
985,1982-02-01,19.08840560913086,-5.328790664672852
986,1982-03-01,19.089921951293945,-2.4075264930725098
987,1982-04-01,19.09160041809082,0.66806960105896
988,1982-05-01,19.093225479125977,3.3461480140686035
989,1982-06-01,19.09490394592285,4.705297946929932
990,1982-07-01,19.096529006958008,5.231658458709717
991,1982-08-01,19.098209381103516,4.952247619628906
992,1982-09-01,19.09988784790039,3.3184897899627686
993,1982-10-01,19.101512908935547,0.6937792301177979
994,1982-11-01,19.103191375732422,-2.6501288414001465
995,1982-12-01,19.104816436767578,-5.85009765625
996,1983-01-01,19.106494903564453,-6.793829917907715
997,1983-02-01,19.108173370361328,-5.360947132110596
998,1983-03-01,19.109689712524414,-2.424041509628296
999,1983-04-01,19.11136817932129,0.6330338716506958
1000,1983-05-01,19.112995147705078,3.3395841121673584
1001,1983-06-01,19.11467170715332,4.68765115737915
1002,1983-07-01,19.11629867553711,5.2411980628967285
1003,1983-08-01,19.117977142333984,4.947404861450195
1004,1983-09-01,19.11965560913086,3.3492026329040527
1005,1983-10-01,19.121761322021484,0.7058458924293518
1006,1983-11-01,19.124309539794922,-2.6083202362060547
1007,1983-12-01,19.12677764892578,-5.842933177947998
1008,1984-01-01,19.12932586669922,-6.784316062927246
1009,1984-02-01,19.131874084472656,-5.3929853439331055
1010,1984-03-01,19.134258270263672,-2.3746767044067383
1011,1984-04-01,19.13680648803711,0.7381433248519897
1012,1984-05-01,19.13927459716797,3.358891725540161
1013,1984-06-01,19.141822814941406,4.740457057952881
1014,1984-07-01,19.144290924072266,5.2123823165893555
1015,1984-08-01,19.146839141845703,4.961660385131836
1016,1984-09-01,19.14938735961914,3.2568728923797607
1017,1984-10-01,19.15185546875,0.6695592403411865
1018,1984-11-01,19.154403686523438,-2.733774185180664
1019,1984-12-01,19.156871795654297,-5.863853454589844
1020,1985-01-01,19.159420013427734,-6.812411308288574
1021,1985-02-01,19.161968231201172,-5.296523094177246
1022,1985-03-01,19.16427230834961,-2.391073703765869
1023,1985-04-01,19.166820526123047,0.7031086087226868
1024,1985-05-01,19.16928482055664,3.35258150100708
1025,1985-06-01,19.171836853027344,4.722902297973633
1026,1985-07-01,19.174301147460938,5.222051620483398
1027,1985-08-01,19.176851272583008,4.957002639770508
1028,1985-09-01,19.179399490356445,3.287710666656494
1029,1985-10-01,19.181865692138672,0.6816863417625427
1030,1985-11-01,19.184415817260742,-2.6919503211975098
1031,1985-12-01,19.18688201904297,-5.8570685386657715
1032,1986-01-01,19.189430236816406,-6.803196907043457
1033,1986-02-01,19.191980361938477,-5.328790664672852
1034,1986-03-01,19.19428253173828,-2.4075264930725098
1035,1986-04-01,19.19683265686035,0.66806960105896
1036,1986-05-01,19.199298858642578,3.3461480140686035
1037,1986-06-01,19.201847076416016,4.705297946929932
1038,1986-07-01,19.204315185546875,5.231658458709717
1039,1986-08-01,19.206863403320312,4.952247619628906
1040,1986-09-01,19.20941162109375,3.3184897899627686
1041,1986-10-01,19.21187973022461,0.6937792301177979
1042,1986-11-01,19.214427947998047,-2.6501288414001465
1043,1986-12-01,19.216896057128906,-5.85009765625
1044,1987-01-01,19.219444274902344,-6.793829917907715
1045,1987-02-01,19.22199249267578,-5.360947132110596
1046,1987-03-01,19.224294662475586,-2.424041509628296
1047,1987-04-01,19.226844787597656,0.6330338716506958
1048,1987-05-01,19.229310989379883,3.3395841121673584
1049,1987-06-01,19.231861114501953,4.68765115737915
1050,1987-07-01,19.234325408935547,5.2411980628967285
1051,1987-08-01,19.236875534057617,4.947404861450195
1052,1987-09-01,19.239425659179688,3.3492026329040527
1053,1987-10-01,19.24188995361328,0.7058458924293518
1054,1987-11-01,19.244441986083984,-2.6083202362060547
1055,1987-12-01,19.246906280517578,-5.842933177947998
1056,1988-01-01,19.249454498291016,-6.784316062927246
1057,1988-02-01,19.252004623413086,-5.3929853439331055
1058,1988-03-01,19.254390716552734,-2.3746767044067383
1059,1988-04-01,19.256938934326172,0.7381433248519897
1060,1988-05-01,19.259403228759766,3.358891725540161
1061,1988-06-01,19.261953353881836,4.740457057952881
1062,1988-07-01,19.264419555664062,5.2123823165893555
1063,1988-08-01,19.266969680786133,4.961660385131836
1064,1988-09-01,19.269519805908203,3.2568728923797607
1065,1988-10-01,19.271984100341797,0.6695592403411865
1066,1988-11-01,19.274534225463867,-2.733774185180664
1067,1988-12-01,19.277000427246094,-5.863853454589844
1068,1989-01-01,19.279550552368164,-6.812411308288574
1069,1989-02-01,19.2820987701416,-5.296523094177246
1070,1989-03-01,19.284400939941406,-2.391073703765869
1071,1989-04-01,19.286949157714844,0.7031086087226868
1072,1989-05-01,19.289417266845703,3.35258150100708
1073,1989-06-01,19.29196548461914,4.722902297973633
1074,1989-07-01,19.29443359375,5.222051620483398
1075,1989-08-01,19.296981811523438,4.957002639770508
1076,1989-09-01,19.299530029296875,3.287710666656494
1077,1989-10-01,19.301998138427734,0.6816863417625427
1078,1989-11-01,19.304546356201172,-2.6919503211975098
1079,1989-12-01,19.3070125579834,-5.8570685386657715
1080,1990-01-01,19.30956268310547,-6.803196907043457
1081,1990-02-01,19.312110900878906,-5.328790664672852
1082,1990-03-01,19.314414978027344,-2.4075264930725098
1083,1990-04-01,19.31696319580078,0.66806960105896
1084,1990-05-01,19.319429397583008,3.3461480140686035
1085,1990-06-01,19.321979522705078,4.705297946929932
1086,1990-07-01,19.324443817138672,5.231658458709717
1087,1990-08-01,19.326993942260742,4.952247619628906
1088,1990-09-01,19.32954216003418,3.3184897899627686
1089,1990-10-01,19.332008361816406,0.6937792301177979
1090,1990-11-01,19.334558486938477,-2.6501288414001465
1091,1990-12-01,19.337024688720703,-5.85009765625
1092,1991-01-01,19.33957290649414,-6.793829917907715
1093,1991-02-01,19.34212303161621,-5.360947132110596
1094,1991-03-01,19.344425201416016,-2.424041509628296
1095,1991-04-01,19.346973419189453,0.6330338716506958
1096,1991-05-01,19.349441528320312,3.3395841121673584
1097,1991-06-01,19.35198974609375,4.68765115737915
1098,1991-07-01,19.35445785522461,5.2411980628967285
1099,1991-08-01,19.357006072998047,4.947404861450195
1100,1991-09-01,19.359554290771484,3.3492026329040527
1101,1991-10-01,19.362022399902344,0.7058458924293518
1102,1991-11-01,19.36457061767578,-2.6083202362060547
1103,1991-12-01,19.36703872680664,-5.842933177947998
1104,1992-01-01,19.369586944580078,-6.784316062927246
1105,1992-02-01,19.372135162353516,-5.3929853439331055
1106,1992-03-01,19.37451934814453,-2.3746767044067383
1107,1992-04-01,19.37706756591797,0.7381433248519897
1108,1992-05-01,19.379535675048828,3.358891725540161
1109,1992-06-01,19.382083892822266,4.740457057952881
1110,1992-07-01,19.384552001953125,5.2123823165893555
1111,1992-08-01,19.387100219726562,4.961660385131836
1112,1992-09-01,19.3896484375,3.2568728923797607
1113,1992-10-01,19.39211654663086,0.6695592403411865
1114,1992-11-01,19.394664764404297,-2.733774185180664
1115,1992-12-01,19.397132873535156,-5.863853454589844
1116,1993-01-01,19.399669647216797,-6.812411308288574
1117,1993-02-01,19.401317596435547,-5.296523094177246
1118,1993-03-01,19.402803421020508,-2.391073703765869
1119,1993-04-01,19.404449462890625,0.7031086087226868
1120,1993-05-01,19.406044006347656,3.35258150100708
1121,1993-06-01,19.407690048217773,4.722902297973633
1122,1993-07-01,19.409282684326172,5.222051620483398
1123,1993-08-01,19.410930633544922,4.957002639770508
1124,1993-09-01,19.412574768066406,3.287710666656494
1125,1993-10-01,19.414169311523438,0.6816863417625427
1126,1993-11-01,19.415815353393555,-2.6919503211975098
1127,1993-12-01,19.417407989501953,-5.8570685386657715
1128,1994-01-01,19.419055938720703,-6.803196907043457
1129,1994-02-01,19.42070198059082,-5.328790664672852
1130,1994-03-01,19.42218780517578,-2.4075264930725098
1131,1994-04-01,19.42383575439453,0.66806960105896
1132,1994-05-01,19.42542839050293,3.3461480140686035
1133,1994-06-01,19.427074432373047,4.705297946929932
1134,1994-07-01,19.428668975830078,5.231658458709717
1135,1994-08-01,19.430315017700195,4.952247619628906
1136,1994-09-01,19.431961059570312,3.3184897899627686
1137,1994-10-01,19.433555603027344,0.6937792301177979
1138,1994-11-01,19.435199737548828,-2.6501288414001465
1139,1994-12-01,19.43679428100586,-5.85009765625
1140,1995-01-01,19.438440322875977,-6.793829917907715
1141,1995-02-01,19.440086364746094,-5.360947132110596
1142,1995-03-01,19.441574096679688,-2.424041509628296
1143,1995-04-01,19.443222045898438,0.6330338716506958
1144,1995-05-01,19.444812774658203,3.3395841121673584
1145,1995-06-01,19.446460723876953,4.68765115737915
1146,1995-07-01,19.44805335998535,5.2411980628967285
1147,1995-08-01,19.44969940185547,4.947404861450195
1148,1995-09-01,19.45134735107422,3.3492026329040527
1149,1995-10-01,19.452939987182617,0.7058458924293518
1150,1995-11-01,19.454586029052734,-2.6083202362060547
1151,1995-12-01,19.456180572509766,-5.842933177947998
1152,1996-01-01,19.45782470703125,-6.784316062927246
1153,1996-02-01,19.45947265625,-5.3929853439331055
1154,1996-03-01,19.461013793945312,-2.3746767044067383
1155,1996-04-01,19.46265983581543,0.7381433248519897
1156,1996-05-01,19.464252471923828,3.358891725540161
1157,1996-06-01,19.465898513793945,4.740457057952881
1158,1996-07-01,19.467491149902344,5.2123823165893555
1159,1996-08-01,19.469139099121094,4.961660385131836
1160,1996-09-01,19.47078514099121,3.2568728923797607
1161,1996-10-01,19.47237777709961,0.6695592403411865
1162,1996-11-01,19.47402572631836,-2.733774185180664
1163,1996-12-01,19.475618362426758,-5.863853454589844
1164,1997-01-01,19.477264404296875,-6.812411308288574
1165,1997-02-01,19.478910446166992,-5.296523094177246
1166,1997-03-01,19.480398178100586,-2.391073703765869
1167,1997-04-01,19.482044219970703,0.7031086087226868
1168,1997-05-01,19.483638763427734,3.35258150100708
1169,1997-06-01,19.48528480529785,4.722902297973633
1170,1997-07-01,19.48687744140625,5.222051620483398
1171,1997-08-01,19.488525390625,4.957002639770508
1172,1997-09-01,19.490169525146484,3.287710666656494
1173,1997-10-01,19.491764068603516,0.6816863417625427
1174,1997-11-01,19.493410110473633,-2.6919503211975098
1175,1997-12-01,19.49500274658203,-5.8570685386657715
1176,1998-01-01,19.49665069580078,-6.803196907043457
1177,1998-02-01,19.4982967376709,-5.328790664672852
1178,1998-03-01,19.49978256225586,-2.4075264930725098
1179,1998-04-01,19.50143051147461,0.66806960105896
1180,1998-05-01,19.503023147583008,3.3461480140686035
1181,1998-06-01,19.504669189453125,4.705297946929932
1182,1998-07-01,19.506263732910156,5.231658458709717
1183,1998-08-01,19.507909774780273,4.952247619628906
1184,1998-09-01,19.50955581665039,3.3184897899627686
1185,1998-10-01,19.511150360107422,0.6937792301177979
1186,1998-11-01,19.512794494628906,-2.6501288414001465
1187,1998-12-01,19.514389038085938,-5.85009765625
1188,1999-01-01,19.516035079956055,-6.793829917907715
1189,1999-02-01,19.517681121826172,-5.360947132110596
1190,1999-03-01,19.519168853759766,-2.424041509628296
1191,1999-04-01,19.520816802978516,0.6330338716506958
1192,1999-05-01,19.52240753173828,3.3395841121673584
1193,1999-06-01,19.52405548095703,4.68765115737915
1194,1999-07-01,19.52564811706543,5.2411980628967285
1195,1999-08-01,19.527294158935547,4.947404861450195
1196,1999-09-01,19.528942108154297,3.3492026329040527
1197,1999-10-01,19.530534744262695,0.7058458924293518
1198,1999-11-01,19.532180786132812,-2.6083202362060547
1199,1999-12-01,19.533775329589844,-5.842933177947998
1200,2000-01-01,19.535419464111328,-6.784316062927246
1201,2000-02-01,19.537067413330078,-5.3929853439331055
1202,2000-03-01,19.53860855102539,-2.3746767044067383
1203,2000-04-01,19.540252685546875,0.7381433248519897
1204,2000-05-01,19.541847229003906,3.358891725540161
1205,2000-06-01,19.543493270874023,4.740457057952881
1206,2000-07-01,19.545085906982422,5.2123823165893555
1207,2000-08-01,19.546733856201172,4.961660385131836
1208,2000-09-01,19.54837989807129,3.2568728923797607
1209,2000-10-01,19.549972534179688,0.6695592403411865
1210,2000-11-01,19.551620483398438,-2.733774185180664
1211,2000-12-01,19.553213119506836,-5.863853454589844
1212,2001-01-01,19.554859161376953,-6.812411308288574
1213,2001-02-01,19.55650520324707,-5.296523094177246
1214,2001-03-01,19.557992935180664,-2.391073703765869
1215,2001-04-01,19.55963897705078,0.7031086087226868
1216,2001-05-01,19.561233520507812,3.35258150100708
1217,2001-06-01,19.56287956237793,4.722902297973633
1218,2001-07-01,19.564472198486328,5.222051620483398
1219,2001-08-01,19.566118240356445,4.957002639770508
1220,2001-09-01,19.567764282226562,3.287710666656494
1221,2001-10-01,19.569358825683594,0.6816863417625427
1222,2001-11-01,19.57100486755371,-2.6919503211975098
1223,2001-12-01,19.57259750366211,-5.8570685386657715
1224,2002-01-01,19.57424545288086,-6.803196907043457
1225,2002-02-01,19.575891494750977,-5.328790664672852
1226,2002-03-01,19.577377319335938,-2.4075264930725098
1227,2002-04-01,19.579025268554688,0.66806960105896
1228,2002-05-01,19.580617904663086,3.3461480140686035
1229,2002-06-01,19.582263946533203,4.705297946929932
1230,2002-07-01,19.583858489990234,5.231658458709717
1231,2002-08-01,19.58550453186035,4.952247619628906
1232,2002-09-01,19.58715057373047,3.3184897899627686
1233,2002-10-01,19.5887451171875,0.6937792301177979
1234,2002-11-01,19.590389251708984,-2.6501288414001465
1235,2002-12-01,19.591983795166016,-5.85009765625
1236,2003-01-01,19.593629837036133,-6.793829917907715
1237,2003-02-01,19.59527587890625,-5.360947132110596
1238,2003-03-01,19.596763610839844,-2.424041509628296
1239,2003-04-01,19.598411560058594,0.6330338716506958
1240,2003-05-01,19.60000228881836,3.3395841121673584
1241,2003-06-01,19.60165023803711,4.68765115737915
1242,2003-07-01,19.603242874145508,5.2411980628967285
1243,2003-08-01,19.604888916015625,4.947404861450195
1244,2003-09-01,19.606536865234375,3.3492026329040527
1245,2003-10-01,19.608129501342773,0.7058458924293518
1246,2003-11-01,19.60977554321289,-2.6083202362060547
1247,2003-12-01,19.611370086669922,-5.842933177947998
1248,2004-01-01,19.613014221191406,-6.784316062927246
1249,2004-02-01,19.614662170410156,-5.3929853439331055
1250,2004-03-01,19.61620330810547,-2.3746767044067383
1251,2004-04-01,19.617847442626953,0.7381433248519897
1252,2004-05-01,19.619441986083984,3.358891725540161
1253,2004-06-01,19.6210880279541,4.740457057952881
1254,2004-07-01,19.6226806640625,5.2123823165893555
1255,2004-08-01,19.62432861328125,4.961660385131836
1256,2004-09-01,19.625974655151367,3.2568728923797607
1257,2004-10-01,19.627567291259766,0.6695592403411865
1258,2004-11-01,19.629215240478516,-2.733774185180664
1259,2004-12-01,19.630807876586914,-5.863853454589844
1260,2005-01-01,19.63245391845703,-6.812411308288574
1261,2005-02-01,19.63409996032715,-5.296523094177246
1262,2005-03-01,19.635587692260742,-2.391073703765869
1263,2005-04-01,19.63723373413086,0.7031086087226868
1264,2005-05-01,19.63882827758789,3.35258150100708
1265,2005-06-01,19.640472412109375,4.722902297973633
1266,2005-07-01,19.642066955566406,5.222051620483398
1267,2005-08-01,19.643712997436523,4.957002639770508
1268,2005-09-01,19.64535903930664,3.287710666656494
1269,2005-10-01,19.646953582763672,0.6816863417625427
1270,2005-11-01,19.64859962463379,-2.6919503211975098
1271,2005-12-01,19.650192260742188,-5.8570685386657715
1272,2006-01-01,19.651840209960938,-6.803196907043457
1273,2006-02-01,19.653484344482422,-5.328790664672852
1274,2006-03-01,19.654972076416016,-2.4075264930725098
1275,2006-04-01,19.656620025634766,0.66806960105896
1276,2006-05-01,19.658212661743164,3.3461480140686035
1277,2006-06-01,19.65985870361328,4.705297946929932
1278,2006-07-01,19.661453247070312,5.231658458709717
1279,2006-08-01,19.66309928894043,4.952247619628906
1280,2006-09-01,19.664745330810547,3.3184897899627686
1281,2006-10-01,19.666337966918945,0.6937792301177979
1282,2006-11-01,19.667984008789062,-2.6501288414001465
1283,2006-12-01,19.669578552246094,-5.85009765625
1284,2007-01-01,19.67122459411621,-6.793829917907715
1285,2007-02-01,19.672870635986328,-5.360947132110596
1286,2007-03-01,19.674358367919922,-2.424041509628296
1287,2007-04-01,19.67600440979004,0.6330338716506958
1288,2007-05-01,19.677597045898438,3.3395841121673584
1289,2007-06-01,19.679244995117188,4.68765115737915
1290,2007-07-01,19.680837631225586,5.2411980628967285
1291,2007-08-01,19.682483673095703,4.947404861450195
1292,2007-09-01,19.684131622314453,3.3492026329040527
1293,2007-10-01,19.68572425842285,0.7058458924293518
1294,2007-11-01,19.68737030029297,-2.6083202362060547
1295,2007-12-01,19.68896484375,-5.842933177947998
1296,2008-01-01,19.690608978271484,-6.784316062927246
1297,2008-02-01,19.692256927490234,-5.3929853439331055
1298,2008-03-01,19.693798065185547,-2.3746767044067383
1299,2008-04-01,19.69544219970703,0.7381433248519897
1300,2008-05-01,19.697036743164062,3.358891725540161
1301,2008-06-01,19.69868278503418,4.740457057952881
1302,2008-07-01,19.700275421142578,5.2123823165893555
1303,2008-08-01,19.701923370361328,4.961660385131836
1304,2008-09-01,19.703569412231445,3.2568728923797607
1305,2008-10-01,19.705162048339844,0.6695592403411865
1306,2008-11-01,19.706809997558594,-2.733774185180664
1307,2008-12-01,19.708402633666992,-5.863853454589844
1308,2009-01-01,19.71004867553711,-6.812411308288574
1309,2009-02-01,19.711694717407227,-5.296523094177246
1310,2009-03-01,19.71318244934082,-2.391073703765869
1311,2009-04-01,19.714828491210938,0.7031086087226868
1312,2009-05-01,19.71642303466797,3.35258150100708
1313,2009-06-01,19.718067169189453,4.722902297973633
1314,2009-07-01,19.719661712646484,5.222051620483398
1315,2009-08-01,19.7213077545166,4.957002639770508
1316,2009-09-01,19.72295379638672,3.287710666656494
1317,2009-10-01,19.72454833984375,0.6816863417625427
1318,2009-11-01,19.726194381713867,-2.6919503211975098
1319,2009-12-01,19.727787017822266,-5.8570685386657715
1320,2010-01-01,19.729434967041016,-6.803196907043457
1321,2010-02-01,19.7310791015625,-5.328790664672852
1322,2010-03-01,19.732566833496094,-2.4075264930725098
1323,2010-04-01,19.734214782714844,0.66806960105896
1324,2010-05-01,19.735807418823242,3.3461480140686035
1325,2010-06-01,19.73745346069336,4.705297946929932
1326,2010-07-01,19.73904800415039,5.231658458709717
1327,2010-08-01,19.740692138671875,4.952247619628906
1328,2010-09-01,19.742340087890625,3.3184897899627686
1329,2010-10-01,19.743932723999023,0.6937792301177979
1330,2010-11-01,19.74557876586914,-2.6501288414001465
1331,2010-12-01,19.747173309326172,-5.85009765625
1332,2011-01-01,19.74881935119629,-6.793829917907715
1333,2011-02-01,19.750465393066406,-5.360947132110596
1334,2011-03-01,19.751953125,-2.424041509628296
1335,2011-04-01,19.753599166870117,0.6330338716506958
1336,2011-05-01,19.755191802978516,3.3395841121673584
1337,2011-06-01,19.756839752197266,4.68765115737915
1338,2011-07-01,19.758432388305664,5.2411980628967285
1339,2011-08-01,19.76007843017578,4.947404861450195
1340,2011-09-01,19.76172637939453,3.3492026329040527
1341,2011-10-01,19.76331901550293,0.7058458924293518
1342,2011-11-01,19.764965057373047,-2.6083202362060547
1343,2011-12-01,19.766557693481445,-5.842933177947998
1344,2012-01-01,19.768203735351562,-6.784316062927246
1345,2012-02-01,19.769851684570312,-5.3929853439331055
1346,2012-03-01,19.771392822265625,-2.3746767044067383
1347,2012-04-01,19.77303695678711,0.7381433248519897
1348,2012-05-01,19.77463150024414,3.358891725540161
1349,2012-06-01,19.776277542114258,4.740457057952881
1350,2012-07-01,19.777870178222656,5.2123823165893555
1351,2012-08-01,19.779518127441406,4.961660385131836
1352,2012-09-01,19.781164169311523,3.2568728923797607
1353,2012-10-01,19.782756805419922,0.6695592403411865
1354,2012-11-01,19.784404754638672,-2.733774185180664
1355,2012-12-01,19.785995483398438,-5.863853454589844
1356,2013-01-01,19.787643432617188,-6.812411308288574
1357,2013-02-01,19.789289474487305,-5.296523094177246
1358,2013-03-01,19.7907772064209,-2.391073703765869
1359,2013-04-01,19.792423248291016,0.7031086087226868
1360,2013-05-01,19.794017791748047,3.35258150100708
1361,2013-06-01,19.79566192626953,4.722902297973633
1362,2013-07-01,19.797256469726562,5.222051620483398
1363,2013-08-01,19.79890251159668,4.957002639770508
1364,2013-09-01,19.800548553466797,3.287710666656494
